airport_code,name,latitude,longitude
AAF,Apalachicola Regional Airport,29.72750092,-85.02749634
AAP,Andrau Airpark,29.7224998474,-95.5883026123
ABE,Lehigh Valley International Airport,40.652099609375,-75.44080352783203
ABI,Abilene Regional Airport,32.4113006592,-99.6819000244
ABL,Ambler Airport,67.1063,-157.856989
ABQ,Albuquerque International Sunport,35.040199,-106.609001
ABR,Aberdeen Regional Airport,45.449100494384766,-98.42179870605467
ABY,Southwest Georgia Regional Airport,31.535499572753903,-84.19450378417969
ACK,Nantucket Memorial Airport,41.25310135,-70.06020355
ACT,Waco Regional Airport,31.611299514770508,-97.23049926757811
ACV,California Redwood Coast-Humboldt County Airport,40.978101,-124.109
ACY,Atlantic City International Airport,39.45759963989258,-74.57720184326172
ADK,Adak Airport,51.87799835205078,-176.64599609375
ADM,Ardmore Municipal Airport,34.30301,-97.0196342
ADQ,Kodiak Airport,57.75,-152.4940033
ADS,Addison Airport,32.9686012268,-96.8364028931
ADT,Ada Regional Airport,34.804298,-96.671303
ADW,Joint Base Andrews,38.810799,-76.866997
AET,Allakaket Airport,66.5518035889,-152.621994019
AEX,Alexandria International Airport,31.32740020751953,-92.54979705810548
AFW,Fort Worth Alliance Airport,32.9875984192,-97.3188018799
AGC,Allegheny County Airport,40.354400634765625,-79.9301986694336
AGN,Angoon Seaplane Base,57.503601,-134.585007
AGS,Augusta Regional At Bush Field,33.36989974975586,-81.9645004272461
AHN,Athens Ben Epps Airport,33.94860076904297,-83.32630157470703
AIA,Alliance Municipal Airport,42.0531997681,-102.804000854
AID,Anderson Municipal Darlington Field,40.10860061649999,-85.6129989624
AIK,Aiken Regional Airport,33.649399,-81.684998
AIN,Wainwright Airport,70.6380004883,-159.994995117
AIZ,Lee C Fine Memorial Airport,38.0960006714,-92.54949951170002
AKB,Atka Airport,52.22029877,-174.2059937
AKC,Akron Fulton International Airport,41.0374984741,-81.4669036865
AKI,Akiak Airport,60.9029006958,-161.231002808
AKK,Akhiok Airport,56.9387016296,-154.182998657
AKN,King Salmon Airport,58.67679977,-156.6490021
AKO,Colorado Plains Regional Airport,40.1755981445,-103.222000122
AKP,Anaktuvuk Pass Airport,68.13359833,-151.7429962
ALB,Albany International Airport,42.74829864501953,-73.80169677734375
ALE,Alpine Casparis Municipal Airport,30.3841991425,-103.683998108
ALI,Alice International Airport,27.7409000397,-98.02690124510002
ALM,Alamogordo White Sands Regional Airport,32.8399009705,-105.990997314
ALN,St Louis Regional Airport,38.89030075069999,-90.0459976196
ALO,Waterloo Regional Airport,42.55709838867188,-92.40029907226561
ALS,San Luis Valley Regional Bergman Field,37.434898,-105.866997
ALW,Walla Walla Regional Airport,46.09489822,-118.288002
ALX,Thomas C Russell Field,32.914699554399995,-85.9629974365
AMA,Rick Husband Amarillo International Airport,35.219398,-101.706001
ANB,Anniston Regional Airport,33.5882,-85.8581
ANC,Ted Stevens Anchorage International Airport,61.17440032958984,-149.99600219726565
AND,Anderson Regional Airport,34.4945983887,-82.70939636230001
ANI,Aniak Airport,61.58160018920898,-159.54299926757812
ANN,Annette Island Airport,55.04240036010742,-131.57200622558594
ANP,Lee Airport,38.942902,-76.568398
ANQ,Tri State Steuben County Airport,41.639702,-85.083504
ANV,Anvik Airport,62.646702,-160.190994
AOH,Lima Allen County Airport,40.706902,-84.026703
AOO,Altoona Blair County Airport,40.29639816,-78.31999969
APA,Centennial Airport,39.57009888,-104.848999
APC,Napa County Airport,38.2132,-122.280998
APF,Naples Municipal Airport,26.1525993347,-81.7752990723
APG,Phillips Army Air Field,39.466202,-76.1688
APN,Alpena County Regional Airport,45.0780983,-83.56030273
APT,Marion County Brown Field,35.060699,-85.585297
ARA,Acadiana Regional Airport,30.0378,-91.883904
ARB,Ann Arbor Municipal Airport,42.2229995728,-83.74559783939999
ARC,Arctic Village Airport,68.1147,-145.578995
ART,Watertown International Airport,43.99190139770508,-76.02169799804686
ARV,Lakeland-Noble F. Lee Memorial field,45.92789841,-89.73090363
ASE,Aspen-Pitkin Co/Sardy Field,39.22320175,-106.8690033
ASH,Boire Field,42.7817001343,-71.51480102539999
ASN,Talladega Municipal Airport,33.569900512699995,-86.05090332030001
AST,Astoria Regional Airport,46.158000946,-123.878997803
ATK,Atqasuk Edward Burnell Sr Memorial Airport,70.46730041503906,-157.43600463867188
ATL,Hartsfield Jackson Atlanta International Airport,33.6367,-84.428101
ATO,Ohio University Snyder Field,39.2109985352,-82.23139953610001
ATW,Appleton International Airport,44.2580986023,-88.5190963745
ATY,Watertown Regional Airport,44.91400146,-97.15470123
AUG,Augusta State Airport,44.3205986023,-69.7973022461
AUK,Alakanuk Airport,62.6800422668,-164.659927368
AUO,Auburn University Regional Airport,32.615101,-85.433998
AUS,Austin Bergstrom International Airport,30.194499969482425,-97.6698989868164
AUW,Wausau Downtown Airport,44.9262008667,-89.6266021729
AVL,Asheville Regional Airport,35.43619918823242,-82.54180145263672
AVO,Avon Park Executive Airport,27.59119987,-81.52780151
AVP,Wilkes Barre Scranton International Airport,41.3385009766,-75.72339630130001
AVW,Marana Regional Airport,32.4095993042,-111.218002319
AVX,Catalina Airport,33.4049,-118.416
AXN,Chandler Field,45.8662986755,-95.3946990967
AYS,Waycross Ware County Airport,31.2490997314,-82.39550018310001
AZA,Phoenix-Mesa-Gateway Airport,33.30780029,-111.6549988
AZO,Kalamazoo Battle Creek International Airport,42.234901428222656,-85.5521011352539
BAB,Beale Air Force Base,39.136100769,-121.43699646
BAD,Barksdale Air Force Base,32.5018005371,-93.6626968384
BAF,Westfield-Barnes Regional Airport,42.157799,-72.715599
BBC,Bay City Municipal Airport,28.9733009338,-95.8635025024
BBD,Curtis Field,31.1793003082,-99.3238983154
BBX,Wings Field,40.1375007629,-75.2650985718
BCE,Bryce Canyon Airport,37.706401825,-112.144996643
BCT,Boca Raton Airport,26.3784999847,-80.1076965332
BDE,Baudette International Airport,48.7284011841,-94.612197876
BDL,Bradley International Airport,41.9388999939,-72.68319702149999
BDR,Igor I Sikorsky Memorial Airport,41.16350173950195,-73.1261978149414
BEC,Beech Factory Airport,37.6944999695,-97.21499633790002
BED,Laurence G Hanscom Field,42.47000122,-71.28900146
BET,Bethel Airport,60.77980042,-161.8379974
BFD,Bradford Regional Airport,41.8031005859375,-78.64009857177734
BFF,Western Neb. Rgnl/William B. Heilig Airport,41.87400055,-103.5960007
BFI,Boeing Field King County International Airport,47.52999877929688,-122.302001953125
BFK,Buckley Air Force Base,39.7016983032,-104.751998901
BFL,Meadows Field,35.43360138,-119.0569992
BFM,Mobile Downtown Airport,30.626800537100003,-88.06809997559999
BFP,Beaver County Airport,40.7724990845,-80.39140319820001
BFT,Beaufort County Airport,32.4122009277,-80.6343994141
BGD,Hutchinson County Airport,35.700901031499995,-101.393997192
BGE,Decatur County Industrial Air Park,30.9715004,-84.63739777
BGM,Greater Binghamton/Edwin A Link field,42.20869827,-75.97979736
BGR,Bangor International Airport,44.80739974975586,-68.8281021118164
BHB,Hancock County-Bar Harbor Airport,44.45000076,-68.3615036
BHM,Birmingham-Shuttlesworth International Airport,33.56290054,-86.75350189
BID,Block Island State Airport,41.1680984497,-71.577796936
BIF,Biggs Army Air Field (Fort Bliss),31.84950066,-106.3799973
BIG,Allen Army Airfield,63.9944992065,-145.722000122
BIH,Eastern Sierra Regional Airport,37.3731002808,-118.363998413
BIL,Billings Logan International Airport,45.80770111083984,-108.54299926757812
BIS,Bismarck Municipal Airport,46.77270126342773,-100.74600219726564
BIX,Keesler Air Force Base,30.4104003906,-88.92440032959999
BJC,Rocky Mountain Metropolitan Airport,39.90879822,-105.1169968
BJI,Bemidji Regional Airport,47.50939941,-94.93370056
BKC,Buckland Airport,65.9815979004,-161.149002075
BKD,Stephens County Airport,32.71900177,-98.8909988403
BKE,Baker City Municipal Airport,44.8372993469,-117.808998108
BKG,Branson Airport,36.532082,-93.200544
BKH,Barking Sands Airport,22.0228004456,-159.785003662
BKL,Burke Lakefront Airport,41.51750183105469,-81.68329620361328
BKW,Raleigh County Memorial Airport,37.7873001099,-81.1241989136
BLF,Mercer County Airport,37.29579925537109,-81.20770263671875
BLH,Blythe Airport,33.6192016602,-114.717002869
BLI,Bellingham International Airport,48.79280090332031,-122.53800201416016
BLV,Scott AFB/Midamerica Airport,38.5452,-89.835197
BMC,Brigham City Regional Airport,41.552399,-112.061996
BMG,Monroe County Airport,39.14599990844727,-86.61669921875
BMI,Central Illinois Regional Airport at Bloomington-Normal,40.47710037,-88.91590118
BMT,Beaumont Municipal Airport,30.0706996918,-94.21579742430002
BMX,Big Mountain Airport,59.3611984253,-155.259002686
BNA,Nashville International Airport,36.1245002746582,-86.6781997680664
BNG,Banning Municipal Airport,33.9230995178,-116.850997925
BNO,Burns Municipal Airport,43.5918998718,-118.955001831
BOI,Boise Air Terminal/Gowen Field,43.5644,-116.223
BOS,General Edward Lawrence Logan International Airport,42.36429977,-71.00520325
BOW,Bartow Municipal Airport,27.9433994293,-81.78340148930002
BPI,Miley Memorial Field,42.58509827,-110.1110001
BPT,Southeast Texas Regional Airport,29.9507999420166,-94.02069854736328
BQK,Brunswick Golden Isles Airport,31.2588005065918,-81.46649932861328
BRD,Brainerd Lakes Regional Airport,46.39830017,-94.13809967
BRL,Southeast Iowa Regional Airport,40.783199310302734,-91.12550354003906
BRO,Brownsville South Padre Island International Airport,25.90679931640625,-97.4259033203125
BRW,Wiley Post Will Rogers Memorial Airport,71.285402,-156.766008
BSF,Bradshaw Army Airfield,19.760099411,-155.554000854
BTI,Barter Island LRRS Airport,70.1340026855,-143.582000732
BTL,W K Kellogg Airport,42.3073005676,-85.2515029907
BTM,Bert Mooney Airport,45.95479965209961,-112.49700164794922
BTR,Baton Rouge Metropolitan Airport,30.533199,-91.149597
BTT,Bettles Airport,66.91390228,-151.529007
BTV,Burlington International Airport,44.4719009399,-73.15329742429999
BUF,Buffalo Niagara International Airport,42.94049835,-78.73220062
BUR,Bob Hope Airport,34.20069885253906,-118.35900115966795
BVY,Beverly Municipal Airport,42.5842018127,-70.91649627689999
BWG,Bowling Green Warren County Regional Airport,36.9645004272,-86.41970062259999
BWI,Baltimore/Washington International Thurgood Marshall Airport,39.1754,-76.668297
BXK,Buckeye Municipal Airport,33.42039871,-112.685997
BYH,Arkansas International Airport,35.9642982483,-89.94400024410001
BYI,Burley Municipal Airport,42.5425987244,-113.772003174
BYS,Bicycle Lake Army Air Field,35.2804985046,-116.629997253
BZN,Gallatin Field,45.77750015,-111.1529999
CAE,Columbia Metropolitan Airport,33.93880081176758,-81.11949920654297
CAK,Akron Canton Regional Airport,40.91609954833984,-81.44219970703125
CAR,Caribou Municipal Airport,46.8714981079,-68.0178985596
CBE,Greater Cumberland Regional Airport,39.615398407,-78.7609024048
CBF,Council Bluffs Municipal Airport,41.2592010498,-95.760597229
CBM,Columbus Air Force Base,33.6437988281,-88.44380187990001
CCB,Cable Airport,34.1115989685,-117.68800354
CCR,Buchanan Field,37.9897003174,-122.056999207
CCY,Northeast Iowa Regional Airport,43.0726013184,-92.6108016968
CDB,Cold Bay Airport,55.20610046386719,-162.72500610351565
CDC,Cedar City Regional Airport,37.70100021362305,-113.0989990234375
CDN,Woodward Field,34.2835998535,-80.56490325930001
CDR,Chadron Municipal Airport,42.837600708,-103.095001221
CDS,Childress Municipal Airport,34.4337997437,-100.288002014
CDV,Merle K (Mudhole) Smith Airport,60.4917984,-145.4779968
CDW,Essex County Airport,40.875198364300005,-74.2814025879
CEC,Jack Mc Namara Field Airport,41.78020096,-124.2369995
CEF,Westover ARB/Metropolitan Airport,42.19400024,-72.53479767
CEM,Central Airport,65.57379913,-144.7830048
CEU,Oconee County Regional Airport,34.6719017,-82.8864975
CEW,Bob Sikes Airport,30.778799057,-86.522102356
CEZ,Cortez Municipal Airport,37.3030014038,-108.627998352
CFD,Coulter Field,30.7157001495,-96.3313980103
CFV,Coffeyville Municipal Airport,37.09400177,-95.5718994141
CGF,Cuyahoga County Airport,41.5651016235,-81.4863967896
CGI,Cape Girardeau Regional Airport,37.22529983520508,-89.57080078125
CGX,Chicago Meigs Airport,41.85879898071289,-87.60790252685547
CGZ,Casa Grande Municipal Airport,32.954899,-111.766998
CHA,Lovell Field,35.035301208496094,-85.20379638671875
CHO,Charlottesville Albemarle Airport,38.13859939575195,-78.4529037475586
CHS,Charleston Air Force Base-International Airport,32.89860153,-80.04049683
CHU,Chuathbaluk Airport,61.579102,-159.216003
CIC,Chico Municipal Airport,39.79539871,-121.8580017
CID,The Eastern Iowa Airport,41.88470077514648,-91.71080017089844
CIK,Chalkyitsik Airport,66.6449966431,-143.740005493
CIU,Chippewa County International Airport,46.25080108642578,-84.47239685058594
CKB,North Central West Virginia Airport,39.2966003418,-80.2281036377
CKV,Clarksville–Montgomery County Regional Airport,36.6218986511,-87.4150009155
CLD,Mc Clellan-Palomar Airport,33.12829971,-117.2799988
CLE,Cleveland Hopkins International Airport,41.4117012024,-81.8498001099
CLL,Easterwood Field,30.58860016,-96.36380005
CLM,William R Fairchild International Airport,48.12020111083984,-123.5
CLP,Clarks Point Airport,58.83369827,-158.529007
CLS,Chehalis Centralia Airport,46.6769981384,-122.983001709
CLT,Charlotte Douglas International Airport,35.2140007019043,-80.94309997558594
CLU,Columbus Municipal Airport,39.2619018555,-85.8963012695
CLW,Clearwater Air Park,27.9766998291,-82.7586975098
CMH,John Glenn Columbus International Airport,39.998001,-82.891899
CMI,University of Illinois Willard Airport,40.03919983,-88.27809906
CMX,Houghton County Memorial Airport,47.168399810791016,-88.48909759521484
CNM,Cavern City Air Terminal,32.337501525878906,-104.26300048828124
CNO,Chino Airport,33.97470093,-117.637001
CNU,Chanute Martin Johnson Airport,37.668800354,-95.4850997925
CNW,TSTC Waco Airport,31.6378002167,-97.0740966797
CNY,Canyonlands Field,38.75500107,-109.7549973
COD,Yellowstone Regional Airport,44.520198822,-109.024002075
COE,Coeur D'Alene - Pappy Boyington Field,47.77429962,-116.8199997
COF,Patrick Air Force Base,28.2348995209,-80.6100997925
CON,Concord Municipal Airport,43.20270157,-71.50229645
COS,City of Colorado Springs Municipal Airport,38.805801,-104.700996
COT,Cotulla-La Salle County Airport,28.45669937,-99.22029877
COU,Columbia Regional Airport,38.81809997558594,-92.21959686279295
CPR,Casper-Natrona County International Airport,42.908001,-106.463997
CRE,Grand Strand Airport,33.8116989136,-78.72389984130001
CRG,Jacksonville Executive at Craig Airport,30.3362998962,-81.51439666750001
CRP,Corpus Christi International Airport,27.77039909362793,-97.5011978149414
CRW,Yeager Airport,38.37310028076172,-81.59320068359375
CSG,Columbus Metropolitan Airport,32.516300201416016,-84.93890380859375
CSM,Clinton Sherman Airport,35.3398017883,-99.2005004883
CSV,Crossville Memorial Whitson Field,35.9513015747,-85.08499908450001
CTB,Cut Bank International Airport,48.6083984375,-112.375999451
CTH,Chester County G O Carlson Airport,39.97900009,-75.8655014
CTY,Cross City Airport,29.6354999542,-83.10479736330001
CUB,Jim Hamilton L.B. Owens Airport,33.970500946,-80.9952011108
CUH,Cushing Municipal Airport,35.9499015808,-96.7731018066
CVG,Cincinnati Northern Kentucky International Airport,39.0488014221,-84.6678009033
CVN,Clovis Municipal Airport,34.4250984192,-103.07900238
CVO,Corvallis Municipal Airport,44.49720001,-123.2900009
CVS,Cannon Air Force Base,34.3828010559,-103.321998596
CWA,Central Wisconsin Airport,44.7775993347,-89.6668014526
CWI,Clinton Municipal Airport,41.8311004639,-90.3291015625
CXL,Calexico International Airport,32.6694984436,-115.513000488
CXO,Conroe-North Houston Regional Airport,30.351801,-95.414497
CYF,Chefornak Airport,60.1492004395,-164.285995483
CYS,Cheyenne Regional Jerry Olson Field,41.15570068,-104.8119965
CYT,Yakataga Airport,60.080974,-142.494541
CZF,Cape Romanzof LRRS Airport,61.78030014,-166.0390015
DAA,Davison Army Air Field,38.715000152600005,-77.1809997559
DAB,Daytona Beach International Airport,29.179899,-81.058098
DAG,Barstow Daggett Airport,34.85369873,-116.7870026
DAL,Dallas Love Field,32.847099,-96.851799
DAN,Danville Regional Airport,36.572898864746094,-79.33609771728516
DAY,James M Cox Dayton International Airport,39.90240097045898,-84.21939849853516
DBN,W H 'Bud' Barron Airport,32.56439972,-82.98529816
DBQ,Dubuque Regional Airport,42.40200043,-90.70950317
DCA,Ronald Reagan Washington National Airport,38.8521,-77.037697
DCU,Pryor Field Regional Airport,34.652698516799994,-86.94539642330001
DDC,Dodge City Regional Airport,37.76340103149414,-99.9655990600586
DEC,Decatur Airport,39.834598541259766,-88.8656997680664
DEN,Denver International Airport,39.861698150635,-104.672996521
DET,Coleman A. Young Municipal Airport,42.40919876,-83.00990295
DFW,Dallas Fort Worth International Airport,32.896801,-97.038002
DGL,Douglas Municipal Airport,31.3425998688,-109.505996704
DHN,Dothan Regional Airport,31.3213005065918,-85.44960021972656
DHT,Dalhart Municipal Airport,36.0225982666,-102.54699707
DIK,Dickinson Theodore Roosevelt Regional Airport,46.7974014282,-102.802001953
DKK,Chautauqua County-Dunkirk Airport,42.49330139,-79.27200317
DLF,DLF Airport,29.359501,-100.778002
DLG,Dillingham Airport,59.04470062,-158.5050049
DLH,Duluth International Airport,46.8420982361,-92.1936035156
DLS,Columbia Gorge Regional the Dalles Municipal Airport,45.6184997559,-121.166999817
DMA,Davis Monthan Air Force Base,32.1665000916,-110.883003235
DMN,Deming Municipal Airport,32.262298584,-107.721000671
DNL,Daniel Field,33.4664993286,-82.0393981934
DNN,Dalton Municipal Airport,34.72290039,-84.87020111
DNV,Vermilion Regional Airport,40.19919968,-87.59590149
DOV,Dover Air Force Base,39.12950134,-75.46600342
DPA,Dupage Airport,41.90779877,-88.24859619
DRA,Desert Rock Airport,36.6194,-116.032997
DRE,Drummond Island Airport,46.0093002319,-83.74389648440001
DRG,Deering Airport,66.0696029663,-162.76600647
DRI,Beauregard Regional Airport,30.8316993713,-93.3398971558
DRO,Durango La Plata County Airport,37.1515007019,-107.753997803
DRT,Del Rio International Airport,29.3742008209,-100.927001953
DSI,Destin Executive Airport,30.40010071,-86.47149658
DSM,Des Moines International Airport,41.53400039672851,-93.66310119628906
DTA,Delta Municipal Airport,39.3805999756,-112.508003235
DTN,Shreveport Downtown Airport,32.5401992798,-93.7450027466
DTW,Detroit Metropolitan Wayne County Airport,42.212398529052734,-83.35340118408203
DUC,Halliburton Field,34.47090149,-97.9598999
DUG,Bisbee Douglas International Airport,31.4689998627,-109.603996277
DUJ,DuBois Regional Airport,41.17829895,-78.8986969
DUT,Unalaska Airport,53.900100708,-166.544006348
DVL,Devils Lake Regional Airport,48.11420059,-98.90879822
DVT,Phoenix Deer Valley Airport,33.6883010864,-112.083000183
DWH,David Wayne Hooks Memorial Airport,30.0618000031,-95.5528030396
DXR,Danbury Municipal Airport,41.3714981079,-73.48220062259999
DYL,Doylestown Airport,40.3330001831,-75.1222991943
DYS,Dyess Air Force Base,32.4207992554,-99.854598999
EAA,Eagle Airport,64.77639771,-141.151001
EAT,Pangborn Memorial Airport,47.3988990784,-120.207000732
EAU,Chippewa Valley Regional Airport,44.86579895019531,-91.48429870605467
ECA,Iosco County Airport,44.312801,-83.422302
ECG,Elizabeth City Regional Airport & Coast Guard Air Station,36.26060104,-76.17459869
ECP,Northwest Florida Beaches International Airport,30.357106,-85.795414
EDF,Elmendorf Air Force Base,61.2509994506836,-149.8070068359375
EDW,Edwards Air Force Base,34.905399,-117.884003
EED,Needles Airport,34.7663002014,-114.623001099
EEK,Eek Airport,60.21367264,-162.0438843
EEN,Dillant Hopkins Airport,42.898399353027344,-72.27079772949219
EFD,Ellington Airport,29.6072998047,-95.1587982178
EGE,Eagle County Regional Airport,39.64260101,-106.9179993
EGI,Duke Field,30.65040016,-86.52290344
EGV,Eagle River Union Airport,45.9323005676,-89.26830291750001
EGX,Egegik Airport,58.1855010986,-157.375
EHM,Cape Newenham LRRS Airport,58.6464004517,-162.06300354
EIL,Eielson Air Force Base,64.66570282,-147.102005
EKA,Murray Field,40.8033981323,-124.112998962
EKI,Elkhart Municipal Airport,41.7193984985,-86.00319671630001
EKN,Elkins-Randolph Co-Jennings Randolph Field,38.88940048,-79.85710144
EKO,Elko Regional Airport,40.82490158081055,-115.79199981689452
ELD,South Arkansas Regional At Goodwin Field,33.22100067138672,-92.81330108642578
ELI,Elim Airport,64.61470032,-162.2720032
ELM,Elmira Corning Regional Airport,42.1599006652832,-76.8916015625
ELP,El Paso International Airport,31.80719948,-106.3779984
ELV,Elfin Cove Seaplane Base,58.1952018738,-136.347000122
ELY,Ely Airport Yelland Field,39.29970169,-114.8420029
EMK,Emmonak Airport,62.78609848,-164.4909973
EMT,San Gabriel Valley Airport,34.086102,-118.035004
ENA,Kenai Municipal Airport,60.57310104370117,-151.2449951171875
END,Vance Air Force Base,36.3391990662,-97.9164962769
ENN,Nenana Municipal Airport,64.54730224609375,-149.07400512695312
ENV,Wendover Airport,40.7187004089,-114.03099823
ENW,Kenosha Regional Airport,42.59569931,-87.92780304
EOK,Keokuk Municipal Airport,40.4598999023,-91.4284973145
ERI,Erie International Tom Ridge Field,42.0831270134,-80.1738667488
ERV,Kerrville Municipal Louis Schreiner Field,29.9766998291,-99.0857009888
ESC,Delta County Airport,45.7226982117,-87.0936965942
ESD,Orcas Island Airport,48.7081985474,-122.910003662
ESF,Esler Regional Airport,31.3948993683,-92.2957992554
ESN,Easton Newnam Field,38.8041992188,-76.06900024410001
ETB,West Bend Municipal Airport,43.4221992493,-88.1278991699
ETS,Enterprise Municipal Airport,31.29969978,-85.89990234
EUF,Weedon Field,31.9512996674,-85.1288986206
EUG,Mahlon Sweet Field,44.12459945678711,-123.21199798583984
EVV,Evansville Regional Airport,38.0369987488,-87.5324020386
EVW,Evanston-Uinta County Airport-Burns Field,41.27479935,-111.0350037
EWB,New Bedford Regional Airport,41.67610168457031,-70.95690155029297
EWK,Newton City-County Airport,38.0582008362,-97.2744979858
EWN,Coastal Carolina Regional Airport,35.0730018616,-77.04290008539999
EWR,Newark Liberty International Airport,40.692501068115234,-74.168701171875
EYW,Key West International Airport,24.55610084533691,-81.75959777832031
FAF,Felker Army Air Field,37.1324996948,-76.60880279540001
FAI,Fairbanks International Airport,64.81510162,-147.8560028
FAR,Hector International Airport,46.92070007324219,-96.81580352783205
FAT,Fresno Yosemite International Airport,36.77619934082031,-119.71800231933594
FAY,Fayetteville Regional Grannis Field,34.9911994934082,-78.88030242919922
FBG,Simmons Army Air Field,35.13180161,-78.93669891
FBK,Ladd AAF Airfield,64.83750153,-147.6139984
FBR,Fort Bridger Airport,41.3918991089,-110.406997681
FCA,Glacier Park International Airport,48.31050109863281,-114.25599670410156
FCM,Flying Cloud Airport,44.8272018433,-93.4570999146
FCS,Butts AAF (Fort Carson) Air Field,38.67839813,-104.7570038
FDY,Findlay Airport,41.0135002136,-83.66870117190001
FET,Fremont Municipal Airport,41.44910049,-96.52020264
FFA,First Flight Airport,36.0181999207,-75.67130279540001
FFO,Wright-Patterson Air Force Base,39.8260993958,-84.0483016968
FFT,Capital City Airport,38.18249893,-84.90470123
FHU,Sierra Vista Municipal Libby Army Air Field,31.588499069213867,-110.34400177001952
FKL,Venango Regional Airport,41.3778991699,-79.8603973389
FLD,Fond du Lac County Airport,43.7711982727,-88.48840332030001
FLG,Flagstaff Pulliam Airport,35.13850021,-111.6709976
FLL,Fort Lauderdale Hollywood International Airport,26.072599,-80.152702
FLO,Florence Regional Airport,34.18539810180664,-79.7238998413086
FLP,Marion County Regional Airport,36.29090118,-92.59030151
FLV,Sherman Army Air Field,39.3683013916,-94.9147033691
FME,Tipton Airport,39.08539962769999,-76.7593994141
FMH,Cape Cod Coast Guard Air Station,41.6584014893,-70.5214004517
FMN,Four Corners Regional Airport,36.7411994934,-108.230003357
FMY,Page Field,26.58659935,-81.86329650879999
FNL,Northern Colorado Regional Airport,40.451804,-105.011
FNR,Funter Bay Seaplane Base,58.2543983459,-134.897994995
FNT,Bishop International Airport,42.96540069580078,-83.74359893798828
FOD,Fort Dodge Regional Airport,42.55149841,-94.19259644
FOE,Topeka Regional Airport - Forbes Field,38.9509010315,-95.6635971069
FOK,Francis S Gabreski Airport,40.8437004089,-72.6317977905
FPR,St Lucie County International Airport,27.49510002,-80.36830139
FRD,Friday Harbor Airport,48.5219993591,-123.024002075
FRG,Republic Airport,40.7288017273,-73.4133987427
FRI,Marshall Army Air Field,39.05530167,-96.76450348
FRN,Bryant Army Heliport,61.26639938,-149.6529999
FRY,Eastern Slopes Regional Airport,43.9911003113,-70.9478988647
FSD,Joe Foss Field Airport,43.5820007324,-96.741897583
FSI,Henry Post Army Air Field (Fort Sill),34.64979935,-98.40219879
FSM,Fort Smith Regional Airport,35.33660125732422,-94.36740112304688
FST,Fort Stockton Pecos County Airport,30.9157009125,-102.916000366
FTK,Godman Army Air Field,37.9071006775,-85.9720993042
FTW,Fort Worth Meacham International Airport,32.819801,-97.362396
FTY,Fulton County Airport Brown Field,33.7790985107,-84.5214004517
FUL,Fullerton Municipal Airport,33.8720016479,-117.980003357
FWA,Fort Wayne International Airport,40.97850037,-85.19509888
FWH,NAS Fort Worth JRB/Carswell Field,32.76919937,-97.4414978
FXE,Fort Lauderdale Executive Airport,26.1972999573,-80.1707000732
FYU,Fort Yukon Airport,66.57150268554688,-145.25
FYV,Drake Field,36.00510025024414,-94.17009735107422
GAD,Northeast Alabama Regional Airport,33.972599,-86.088996
GAI,Montgomery County Airpark,39.1683006287,-77.1660003662
GAL,Edward G. Pitka Sr Airport,64.73619843,-156.9369965
GAM,Gambell Airport,63.76679992675781,-171.73300170898438
GBD,Great Bend Municipal Airport,38.3442993164,-98.8591995239
GBG,Galesburg Municipal Airport,40.9379997253,-90.431098938
GCC,Gillette Campbell County Airport,44.3488998413,-105.539001465
GCK,Garden City Regional Airport,37.9275016785,-100.723999023
GCN,Grand Canyon National Park Airport,35.95240020751953,-112.14700317382812
GDC,Donaldson Field Airport,34.758301,-82.376404
GDV,Dawson Community Airport,47.13869858,-104.8069992
GDW,Gladwin Zettel Memorial Airport,43.9706001282,-84.47499847410002
GED,Sussex County Airport,38.68920135,-75.35890198
GEG,Spokane International Airport,47.61989974975586,-117.53399658203124
GFK,Grand Forks International Airport,47.949299,-97.176102
GFL,Floyd Bennett Memorial Airport,43.3412017822,-73.6102981567
GGE,Georgetown County Airport,33.3116989136,-79.3196029663
GGG,East Texas Regional Airport,32.38399887084961,-94.71150207519533
GGW,Wokal Field Glasgow International Airport,48.212502,-106.614998
GIF,Winter Haven Regional Airport - Gilbert Field,28.062901,-81.753304
GJT,Grand Junction Regional Airport,39.1223983765,-108.527000427
GKN,Gulkana Airport,62.1548996,-145.4570007
GLD,Renner Field-Goodland Municipal Airport,39.37060165,-101.6989975
GLH,Mid Delta Regional Airport,33.4828987121582,-90.98560333251952
GLR,Gaylord Regional Airport,45.0135002136,-84.7035980225
GLS,Scholes International At Galveston Airport,29.265300750732425,-94.8603973388672
GLV,Golovin Airport,64.5504989624,-163.007003784
GLW,Glasgow Municipal Airport,37.03179932,-85.9536972
GMU,Greenville Downtown Airport,34.8479003906,-82.34999847410002
GMV,Monument Valley Airport,37.0167007446,-110.200996399
GNT,Grants-Milan Municipal Airport,35.167301178,-107.902000427
GNV,Gainesville Regional Airport,29.6900997162,-82.2717971802
GON,Groton New London Airport,41.3301010131836,-72.04509735107422
GPT,Gulfport Biloxi International Airport,30.40730094909668,-89.07009887695312
GPZ,Grand Rapids Itasca Co-Gordon Newstrom field,47.21110153,-93.50980377
GQQ,Galion Municipal Airport,40.7533988953,-82.7238006592
GRB,Austin Straubel International Airport,44.48509979248047,-88.12960052490234
GRF,Gray Army Air Field,47.07920074,-122.5810013
GRI,Central Nebraska Regional Airport,40.96749877929688,-98.30960083007811
GRK,Robert Gray  Army Air Field Airport,31.067199707,-97.8289031982
GRM,Grand Marais Cook County Airport,47.8382987976,-90.3828964233
GRR,Gerald R. Ford International Airport,42.88079834,-85.52279663
GSB,Seymour Johnson Air Force Base,35.33940125,-77.96060181
GSO,Piedmont Triad International Airport,36.097801208496094,-79.93730163574219
GSP,Greenville Spartanburg International Airport,34.8956985474,-82.2189025879
GST,Gustavus Airport,58.4253006,-135.7070007
GTF,Great Falls International Airport,47.48199844,-111.3710022
GTR,Golden Triangle Regional Airport,33.450298309299995,-88.5914001465
GUC,Gunnison Crested Butte Regional Airport,38.53390121,-106.9329987
GUF,Jack Edwards Airport,30.29050064,-87.67179871
GUP,Gallup Municipal Airport,35.511100769,-108.789001465
GUS,Grissom Air Reserve Base,40.6481018066,-86.1520996094
GUY,Guymon Municipal Airport,36.6851005554,-101.508003235
GVL,Lee Gilmer Memorial Airport,34.27259827,-83.8302002
GVT,Majors Airport,33.0677986145,-96.0652999878
GWO,Greenwood–Leflore Airport,33.4943008423,-90.0847015381
GXY,Greeley–Weld County Airport,40.4374008179,-104.633003235
GYR,Phoenix Goodyear Airport,33.4225006104,-112.375999451
GYY,Gary Chicago International Airport,41.61629867553711,-87.41280364990234
HAF,Half Moon Bay Airport,37.5134010315,-122.500999451
HAO,Butler Co Regional Airport - Hogan Field,39.3638000488,-84.5220031738
HAR,Capital City Airport,40.2170982361,-76.85150146480001
HBG,Hattiesburg Bobby L Chain Municipal Airport,31.26479912,-89.25279999
HBR,Hobart Regional Airport,34.991317,-99.051313
HCR,Holy Cross Airport,62.18830108642578,-159.77499389648438
HCW,Cheraw Municipal Airport/Lynch Bellinger Field,34.71289825,-79.95700073
HDE,Brewster Field,40.452099,-99.336502
HDH,Dillingham Airfield,21.5795001984,-158.197006226
HDI,Hardwick Field,35.22010040283203,-84.8323974609375
HDN,Yampa Valley Airport,40.48120117,-107.2180023
HFD,Hartford Brainard Airport,41.736698150635,-72.649398803711
HGR,Hagerstown Regional Richard A Henson Field,39.707901,-77.72949982
HHH,Hilton Head Airport,32.2243995667,-80.6975021362
HHI,Wheeler Army Airfield,21.48349953,-158.0399933
HHR,Jack Northrop Field Hawthorne Municipal Airport,33.922798,-118.334999
HIB,Range Regional Airport,47.38660049,-92.83899689
HIF,Hill Air Force Base,41.12403,-111.973086
HII,Lake Havasu City Airport,34.571098,-114.358002
HIO,Portland Hillsboro Airport,45.540401,-122.949997
HKY,Hickory Regional Airport,35.74110031,-81.38950348
HLG,Wheeling Ohio County Airport,40.1749992371,-80.6463012695
HLI,Hollister Municipal Airport,36.8932991028,-121.410003662
HLN,Helena Regional Airport,46.6068000793457,-111.98300170898438
HLR,Hood Army Air Field,31.1387004852,-97.7145004272
HMN,Holloman Air Force Base,32.8525009155,-106.107002258
HNH,Hoonah Airport,58.0961,-135.410111
HNL,Daniel K Inouye International Airport,21.32062,-157.924228
HNM,Hana Airport,20.79560089111328,-156.01400756835938
HNS,Haines Airport,59.24380111694336,-135.5240020751953
HOB,Lea County Regional Airport,32.6875,-103.2170029
HOM,Homer Airport,59.645599365234375,-151.4770050048828
HON,Huron Regional Airport,44.38520050048828,-98.22850036621094
HOP,Campbell AAF (Fort Campbell) Air Field,36.668598175,-87.49620056150002
HOT,Memorial Field,34.47800064086914,-93.09619903564452
HOU,William P Hobby Airport,29.64539909,-95.27890015
HPB,Hooper Bay Airport,61.52389908,-166.1470032
HPN,Westchester County Airport,41.06700134277344,-73.70760345458984
HQM,Bowerman Airport,46.9711990356,-123.93699646
HRL,Valley International Airport,26.228500366210938,-97.65440368652344
HRO,Boone County Airport,36.26150131225586,-93.15470123291016
HSH,Henderson Executive Airport,35.9728012085,-115.134002686
HSL,Huslia Airport,65.69789886,-156.3509979
HST,Homestead ARB Airport,25.48859978,-80.38359833
HSV,Huntsville International Carl T Jones Field,34.637199401855,-86.775100708008
HTL,Roscommon County - Blodgett Memorial Airport,44.359798,-84.671095
HTS,Tri-State/Milton J. Ferguson Field,38.36669922,-82.55799866
HTV,Huntsville Regional Airport,30.7469005585,-95.5871963501
HUA,Redstone Army Air Field,34.67869949,-86.68479919
HUF,"Terre Haute Regional Airport, Hulman Field",39.4515,-87.307602
HUL,Houlton International Airport,46.1231002808,-67.792098999
HUS,Hughes Airport,66.04109955,-154.2630005
HUT,Hutchinson Municipal Airport,38.0654983521,-97.86060333250002
HVN,Tweed New Haven Airport,41.26369858,-72.88680267
HVR,Havre City County Airport,48.54299927,-109.762001
HVS,Hartsville Regional Airport,34.4030990601,-80.11920166019999
HWD,Hayward Executive Airport,37.659198761,-122.122001648
HWO,North Perry Airport,26.0012,-80.2407
HYA,Barnstable Municipal Boardman Polando Field,41.66930008,-70.28040314
HYG,Hydaburg Seaplane Base,55.206298828125,-132.8280029296875
HYR,Sawyer County Airport,46.025199890100005,-91.44429779050002
HYS,Hays Regional Airport,38.84220123,-99.27320099
HZL,Hazleton Municipal Airport,40.9868011475,-75.9949035645
IAB,Mc Connell Air Force Base,37.62189865,-97.26820374
IAD,Washington Dulles International Airport,38.94449997,-77.45580292
IAG,Niagara Falls International Airport,43.1072998046875,-78.94619750976561
IAH,George Bush Intercontinental Houston Airport,29.984399795532227,-95.34140014648435
IAN,Bob Baker Memorial Airport,66.9759979248,-160.43699646
ICT,Wichita Eisenhower National Airport,37.649899,-97.433098
IDA,Idaho Falls Regional Airport,43.514599,-112.070999
IDP,Independence Municipal Airport,37.1584014893,-95.7783966064
IGG,Igiugig Airport,59.32400131225586,-155.90199279785156
IKB,Wilkes County Airport,36.2228012085,-81.09829711910001
IKK,Greater Kankakee Airport,41.07139968869999,-87.8462982178
IKO,Nikolski Air Station,52.94160079956055,-168.8489990234375
ILG,New Castle Airport,39.67869949,-75.60649872
ILI,Iliamna Airport,59.75439835,-154.9109955
ILM,Wilmington International Airport,34.270599365234375,-77.90260314941406
ILN,Wilmington Airpark,39.427898407,-83.792098999
IMM,Immokalee Regional Airport,26.43320084,-81.40100098
IMT,Ford Airport,45.8184013367,-88.1145019531
IND,Indianapolis International Airport,39.7173,-86.294403
INK,Winkler County Airport,31.7796001434,-103.200996399
INL,Falls International Airport,48.566200256347656,-93.4030990600586
INS,Creech Air Force Base,36.5872001648,-115.672996521
INT,Smith Reynolds Airport,36.13370132446289,-80.22200012207031
INW,Winslow Lindbergh Regional Airport,35.021900177,-110.722999573
IOW,Iowa City Municipal Airport,41.6391983032,-91.5465011597
IPL,Imperial County Airport,32.834201812699995,-115.57900238
IPT,Williamsport Regional Airport,41.241798400878906,-76.92109680175781
IRB,Iraan Municipal Airport,30.9057006836,-101.891998291
IRC,Circle City /New/ Airport,65.830498,-144.076008
IRK,Kirksville Regional Airport,40.09349822998047,-92.5448989868164
ISM,Kissimmee Gateway Airport,28.2898006439,-81.4371032715
ISN,Sloulin Field International Airport,48.177898407,-103.641998291
ISO,Kinston Regional Jetport At Stallings Field,35.331401825,-77.60880279540001
ISP,Long Island Mac Arthur Airport,40.79520035,-73.10019684
ISW,Alexander Field South Wood County Airport,44.3602981567,-89.83899688720001
ITH,Ithaca Tompkins Regional Airport,42.49100112915039,-76.4583969116211
ITO,Hilo International Airport,19.721399307250977,-155.04800415039065
IWS,West Houston Airport,29.8181991577,-95.6725997925
IYK,Inyokern Airport,35.65879822,-117.8300018
JAC,Jackson Hole Airport,43.6072998046875,-110.73799896240234
JAN,Jackson-Medgar Wiley Evers International Airport,32.3111991882,-90.0758972168
JAS,Jasper County Airport-Bell Field,30.88570023,-94.03489685
JAX,Jacksonville International Airport,30.49410057067871,-81.68789672851561
JBR,Jonesboro Municipal Airport,35.83169937133789,-90.64640045166016
JCI,New Century Aircenter Airport,38.8308982849,-94.890296936
JCT,Kimble County Airport,30.5112991333,-99.7634963989
JEF,Jefferson City Memorial Airport,38.5912017822,-92.1560974121
JFK,John F Kennedy International Airport,40.63980103,-73.77890015
JHM,Kapalua Airport,20.962900161743164,-156.67300415039065
JHW,Chautauqua County-Jamestown Airport,42.15340042,-79.25800323
JLN,Joplin Regional Airport,37.151798248291016,-94.49829864501952
JMS,Jamestown Regional Airport,46.92969894,-98.67819977
JNU,Juneau International Airport,58.35499954223633,-134.5760040283203
JOT,Joliet Regional Airport,41.51779938,-88.17549896
JRA,West 30th St. Heliport,40.754501,-74.007103
JRB,Downtown-Manhattan/Wall St Heliport,40.70119858,-74.00900269
JRF,Kalaeloa Airport,21.3074,-158.070009
JST,John Murtha Johnstown Cambria County Airport,40.31610107421875,-78.83390045166016
JVL,Southern Wisconsin Regional Airport,42.620300293,-89.0416030884
JXN,Jackson County Reynolds Field,42.2597999573,-84.45939636230001
KAL,Kaltag Airport,64.31909943,-158.7409973
KFP,False Pass Airport,54.8474006652832,-163.41000366210938
KGK,Koliganek Airport,59.726600647,-157.259002686
KKA,Koyuk Alfred Adams Airport,64.9394989014,-161.154006958
KKH,Kongiganak Airport,59.9608001709,-162.880996704
KLG,Kalskag Airport,61.53630065917969,-160.34100341796875
KLN,Larsen Bay Airport,57.5350990295,-153.977996826
KLS,Southwest Washington Regional Airport,46.11800003049999,-122.898002625
KLW,Klawock Airport,55.5792007446,-133.076004028
KMO,Manokotak Airport,58.9902000427,-159.050003052
KNW,New Stuyahok Airport,59.4499015808,-157.32800293
KOA,Ellison Onizuka Kona International At Keahole Airport,19.738783,-156.045603
KOT,Kotlik Airport,63.0306015015,-163.533004761
KPC,Port Clarence Coast Guard Station,65.2537002563,-166.85899353
KPN,Kipnuk Airport,59.9329986572,-164.031005859
KPV,Perryville Airport,55.905998,-159.162993
KQA,Akutan Seaplane Base,54.1337704415,-165.778895617
KSM,St Mary's Airport,62.0605011,-163.302002
KTN,Ketchikan International Airport,55.35559845,-131.7140045
KTS,Brevig Mission Airport,65.3312988281,-166.466003418
KUK,Kasigluk Airport,60.87440109,-162.5240021
KVC,King Cove Airport,55.11629867553711,-162.26600646972656
KVL,Kivalina Airport,67.73619842529297,-164.56300354003906
KWK,Kwigillingok Airport,59.876499,-163.169005
KWN,Quinhagak Airport,59.7551,-161.845
KWT,Kwethluk Airport,60.7902984619,-161.444000244
KYK,Karluk Airport,57.5671005249,-154.449996948
KYU,Koyukuk Airport,64.8760986328,-157.727005005
LAA,Lamar Municipal Airport,38.0696983337,-102.68800354
LAF,Purdue University Airport,40.41230010986328,-86.93689727783203
LAL,Lakeland Linder International Airport,27.988899,-82.018602
LAM,Los Alamos Airport,35.8797988892,-106.268997192
LAN,Capital City Airport,42.77870178222656,-84.58740234375
LAR,Laramie Regional Airport,41.31209945678711,-105.6750030517578
LAS,McCarran International Airport,36.08010101,-115.1520004
LAW,Lawton Fort Sill Regional Airport,34.5676994324,-98.4166030884
LAX,Los Angeles International Airport,33.94250107,-118.4079971
LBB,Lubbock Preston Smith International Airport,33.663601,-101.822998
LBE,Arnold Palmer Regional Airport,40.27590179,-79.40480042
LBF,North Platte Regional Airport Lee Bird Field,41.12620163,-100.6839981
LBL,Liberal Mid-America Regional Airport,37.0442009,-100.9599991
LBT,Lumberton Regional Airport,34.6099014282,-79.05940246579999
LCH,Lake Charles Regional Airport,30.126100540161133,-93.22329711914062
LCK,Rickenbacker International Airport,39.813801,-82.927803
LCQ,Lake City Gateway Airport,30.1819992065,-82.57689666750001
LDJ,Linden Airport,40.617401123,-74.2445983887
LDM,Mason County Airport,43.96250153,-86.40789795
LEB,Lebanon Municipal Airport,43.6260986328,-72.30419921880001
LEE,Leesburg International Airport,28.82309914,-81.80870056
LEW,Auburn Lewiston Municipal Airport,44.048500061,-70.2835006714
LEX,Blue Grass Airport,38.0364990234375,-84.60590362548828
LFI,Langley Air Force Base,37.082901001,-76.360496521
LFK,Angelina County Airport,31.2339992523,-94.75
LFT,Lafayette Regional Airport,30.20529938,-91.98760223
LGA,La Guardia Airport,40.77719879,-73.87259674
LGB,Long Beach /Daugherty Field/ Airport,33.81769943,-118.1520004
LGC,LaGrange Callaway Airport,33.0089,-85.072601
LGD,La Grande/Union County Airport,45.2901992798,-118.007003784
LGU,Logan-Cache Airport,41.7911987305,-111.851997375
LHV,William T. Piper Memorial Airport,41.13560104,-77.42230225
LIH,Lihue Airport,21.97599983215332,-159.33900451660156
LIT,Bill & Hillary Clinton National Airport/Adams Field,34.729400634799994,-92.2242965698
LIY,Wright AAF (Fort Stewart)/Midcoast Regional Airport,31.889099,-81.562303
LJN,Texas Gulf Coast Regional Airport,29.1086006165,-95.462097168
LKP,Lake Placid Airport,44.2644996643,-73.96189880370001
LKV,Lake County Airport,42.1610984802,-120.399002075
LLY,South Jersey Regional Airport,39.9429016113,-74.845703125
LMA,Minchumina Airport,63.886002,-152.302002
LMT,Crater Lake-Klamath Regional Airport,42.156101,-121.733002
LNA,Palm Beach County Park Airport,26.59300041,-80.08509827
LNK,Lincoln Airport,40.85100173950195,-96.75920104980467
LNN,Willoughby Lost Nation Municipal Airport,41.6839981079,-81.3897018433
LNR,Tri-County Regional Airport,43.2117004395,-90.181602478
LNS,Lancaster Airport,40.121700286865234,-76.29609680175781
LNY,Lanai Airport,20.785600662231445,-156.9510040283203
LOL,Derby Field,40.0663986206,-118.565002441
LOT,Lewis University Airport,41.6072998,-88.09619904
LOU,Bowman Field,38.2280006409,-85.6636962891
LOZ,London-Corbin Airport/Magee Field,37.0821990967,-84.08489990230001
LPC,Lompoc Airport,34.665599823,-120.468002319
LPS,Lopez Island Airport,48.4838981628418,-122.93800354003906
LRD,Laredo International Airport,27.543800354003903,-99.46160125732422
LRF,Little Rock Air Force Base,34.916900634799994,-92.14969635010002
LRU,Las Cruces International Airport,32.289398193359375,-106.9219970703125
LSE,La Crosse Municipal Airport,43.879002,-91.256699
LSF,Lawson Army Air Field (Fort Benning),32.337299346900004,-84.9913024902
LSV,Nellis Air Force Base,36.2361984253,-115.033996582
LTS,Altus Air Force Base,34.667098999,-99.2667007446
LUF,Luke Air Force Base,33.534999847399995,-112.383003235
LUK,Cincinnati Municipal Airport Lunken Field,39.10329819,-84.41860199
LUP,Kalaupapa Airport,21.21100044,-156.973999
LUR,Cape Lisburne LRRS Airport,68.87509918,-166.1100006
LVK,Livermore Municipal Airport,37.6934013367,-121.819999695
LVM,Mission Field,45.6994018555,-110.447998047
LVS,Las Vegas Municipal Airport,35.6542015076,-105.141998291
LWB,Greenbrier Valley Airport,37.8582992554,-80.3994979858
LWC,Lawrence Municipal Airport,39.01119995,-95.21659851
LWM,Lawrence Municipal Airport,42.7172012329,-71.1233978271
LWS,Lewiston Nez Perce County Airport,46.3745002746582,-117.01499938964844
LWT,Lewistown Municipal Airport,47.04930114746094,-109.46700286865234
LXN,Jim Kelly Field,40.7910003662,-99.7772979736
LYH,Lynchburg Regional Preston Glenn Field,37.326698303222656,-79.20040130615234
LYU,Ely Municipal Airport,47.82450104,-91.83070374
LZU,Gwinnett County Briscoe Field,33.97809982,-83.96240234
MAE,Madera Municipal Airport,36.9886016846,-120.111999512
MAF,Midland International Airport,31.9424991607666,-102.2020034790039
MBG,Mobridge Municipal Airport,45.54650116,-100.4079971
MBL,Manistee Co Blacker Airport,44.2723999,-86.24690247
MBS,MBS International Airport,43.532901763916016,-84.07959747314453
MCB,Mc Comb/Pike County Airport/John E Lewis Field,31.17849922,-90.47190094
MCC,Mc Clellan Airfield,38.66759872,-121.401001
MCE,Merced Regional Macready Field,37.28469849,-120.5139999
MCF,Mac Dill Air Force Base,27.84930038,-82.52120209
MCG,McGrath Airport,62.95289993,-155.6060028
MCI,Kansas City International Airport,39.2976,-94.713898
MCK,Mc Cook Ben Nelson Regional Airport,40.20629883,-100.5920029
MCL,McKinley National Park Airport,63.7326011658,-148.910995483
MCN,Middle Georgia Regional Airport,32.69279861450195,-83.64920043945312
MCO,Orlando International Airport,28.429399490356445,-81.30899810791016
MCW,Mason City Municipal Airport,43.157798767100005,-93.3312988281
MDH,Southern Illinois Airport,37.778099060058594,-89.25199890136719
MDT,Harrisburg International Airport,40.1935005188,-76.7633972168
MDW,Chicago Midway International Airport,41.785999,-87.752403
MEI,Key Field,32.33259963989258,-88.75189971923828
MEM,Memphis International Airport,35.04240036010742,-89.97669982910156
MEO,Dare County Regional Airport,35.91899872,-75.69550323
MER,Castle Airport,37.38050079,-120.5680008
MFD,Mansfield Lahm Regional Airport,40.82139968869999,-82.5166015625
MFE,Mc Allen Miller International Airport,26.17580032,-98.23860168
MFI,Marshfield Municipal Airport,44.6369018555,-90.1893005371
MFR,Rogue Valley International Medford Airport,42.37419891357422,-122.8730010986328
MGC,Michigan City Municipal Airport,41.7033004761,-86.8211975098
MGE,Dobbins Air Reserve Base,33.91540146,-84.51629639
MGJ,Orange County Airport,41.50999832,-74.26460266
MGM,Montgomery Regional (Dannelly Field) Airport,32.30059814,-86.39399719
MGW,Morgantown Municipal Walter L. Bill Hart Field,39.64289856,-79.91629791
MGY,Dayton-Wright Brothers Airport,39.5890007019,-84.224899292
MHE,Mitchell Municipal Airport,43.7747993469,-98.0385971069
MHK,Manhattan Regional Airport,39.14099884033203,-96.6707992553711
MHR,Sacramento Mather Airport,38.55390167,-121.2979965
MHT,Manchester-Boston Regional Airport,42.932598,-71.435699
MHV,Mojave Airport,35.05939865,-118.1520004
MIA,Miami International Airport,25.79319953918457,-80.29060363769531
MIB,Minot Air Force Base,48.4156,-101.358002
MIE,Delaware County Johnson Field,40.2422981262207,-85.3958969116211
MIV,Millville Municipal Airport,39.367802,-75.072197
MKC,Charles B. Wheeler Downtown Airport,39.12319946289063,-94.5927963256836
MKE,General Mitchell International Airport,42.94720077514648,-87.89659881591797
MKG,Muskegon County Airport,43.16949844,-86.23819733
MKK,Molokai Airport,21.15290069580078,-157.0959930419922
MKL,McKellar-Sipes Regional Airport,35.599899,-88.915604
MLB,Melbourne International Airport,28.10280036926269,-80.64530181884766
MLC,Mc Alester Regional Airport,34.882401,-95.783501
MLI,Quad City International Airport,41.44850158691406,-90.50749969482422
MLL,Marshall Don Hunter Sr Airport,61.8642997742,-162.026000977
MLS,Frank Wiley Field,46.428001403808594,-105.88600158691406
MLU,Monroe Regional Airport,32.51089859008789,-92.0376968383789
MLY,Manley Hot Springs Airport,64.99759674069999,-150.643997192
MMH,Mammoth Yosemite Airport,37.62409973,-118.8379974
MMI,McMinn County Airport,35.39730072,-84.56259918
MMT,Mc Entire Joint National Guard Base,33.92079926,-80.80130005
MMU,Morristown Municipal Airport,40.79940032958984,-74.41490173339844
MNM,Menominee Regional Airport,45.126701,-87.638397
MNZ,Manassas Regional Airport/Harry P. Davis Field,38.72140121,-77.51540375
MOB,Mobile Regional Airport,30.691200256348,-88.242797851562
MOD,Modesto City Co-Harry Sham Field,37.62580109,-120.9540024
MOT,Minot International Airport,48.2593994140625,-101.27999877929688
MOU,Mountain Village Airport,62.095401763916016,-163.6820068359375
MPO,Pocono Mountains Municipal Airport,41.137503,-75.378897
MPV,Edward F Knapp State Airport,44.20349884,-72.56230164
MQT,Sawyer International Airport,46.3535995483,-87.395401001
MQY,Smyrna Airport,36.0089988708,-86.5201034546
MRB,Eastern WV Regional Airport/Shepherd Field,39.40190125,-77.98459625
MRF,Marfa Municipal Airport,30.371099,-104.017997
MRI,Merrill Field,61.2135009765625,-149.843994140625
MRK,Marco Island Executive Airport,25.995001,-81.672501
MRN,Foothills Regional Airport,35.820202,-81.611397
MRY,Monterey Peninsula Airport,36.58700180053711,-121.84300231933594
MSC,Falcon Field,33.4608001709,-111.727996826
MSL,Northwest Alabama Regional Airport,34.74530029,-87.61019897
MSN,Dane County Regional Truax Field,43.13990020751953,-89.3375015258789
MSO,Missoula International Airport,46.91630173,-114.0910034
MSP,Minneapolis-St Paul International/Wold-Chamberlain Airport,44.882,-93.221802
MSS,Massena International Richards Field,44.93579864501953,-74.84559631347656
MSY,Louis Armstrong New Orleans International Airport,29.99340057373047,-90.25800323486328
MTC,Selfridge Air National Guard Base Airport,42.613463,-82.836919
MTH,The Florida Keys Marathon Airport,24.726101,-81.051399
MTJ,Montrose Regional Airport,38.5097999573,-107.893997192
MTM,Metlakatla Seaplane Base,55.131001,-131.578003
MTN,Martin State Airport,39.325699,-76.413803
MTP,Montauk Airport,41.0765,-71.920797
MUE,Waimea Kohala Airport,20.00130081176757,-155.66799926757812
MUI,Muir Army Air Field (Fort Indiantown Gap) Airport,40.434799,-76.569397
MUO,Mountain Home Air Force Base,43.043598,-115.872002
MVL,Morrisville Stowe State Airport,44.53459930419999,-72.6139984131
MVW,Skagit Regional Airport,48.4709014893,-122.42099762
MVY,Martha's Vineyard Airport,41.3931007385,-70.6143035889
MWA,Williamson County Regional Airport,37.75500107,-89.01110077
MWC,Lawrence J Timmerman Airport,43.110401,-88.034401
MWH,Grant County International Airport,47.20769882,-119.3199997
MWL,Mineral Wells Airport,32.7816009521,-98.0602035522
MXF,Maxwell Air Force Base,32.3829,-86.365799
MYL,McCall Municipal Airport,44.88970184,-116.1009979
MYR,Myrtle Beach International Airport,33.6796989441,-78.9282989502
MYU,Mekoryuk Airport,60.37139892578125,-166.27099609375
MYV,Yuba County Airport,39.09780121,-121.5699997
MZJ,Pinal Airpark,32.5106010437,-111.32800293
NBG,New Orleans NAS JRB/Alvin Callender Field,29.82530022,-90.03500366
NCN,Chenega Bay Airport,60.0773010254,-147.992004395
NCO,Quonset State Airport,41.597099304199,-71.412101745605
NEL,Lakehurst Maxfield Field Airport,40.03329849,-74.353302
NEW,Lakefront Airport,30.042400360107,-90.028297424316
NFL,Fallon Naval Air Station,39.41659927,-118.7009964
NGF,Kaneohe Bay MCAS (Marion E. Carl Field) Airport,21.4505004883,-157.768005371
NGU,Norfolk Naval Station (Chambers Field),36.937599,-76.289299
NGZ,Alameda Naval Air Station,37.78889846801758,-122.31999969482422
NHK,Patuxent River Naval Air Station (Trapnell Field),38.285999,-76.411797
NHZ,Brunswick Executive Airport,43.89220047,-69.93859863
NIB,Nikolai Airport,63.0186,-154.358002
NIP,Jacksonville Naval Air Station (Towers Field),30.2358,-81.680603
NJK,El Centro NAF Airport (Vraciu Field),32.829201,-115.671996
NKX,Miramar Marine Corps Air Station - Mitscher Field,32.86840057,-117.1429977
NLC,Lemoore Naval Air Station (Reeves Field) Airport,36.33300018,-119.9520035
NLG,Nelson Lagoon Airport,56.007499694824,-161.16000366211
NME,Nightmute Airport,60.471000671387,-164.70100402832
NNL,Nondalton Airport,59.980201721191,-154.8390045166
NOT,Marin County Airport - Gnoss Field,38.143600463867,-122.55599975586
NPA,Pensacola Naval Air Station/Forrest Sherman Field,30.35269928,-87.31860352
NQA,Millington-Memphis Airport,35.356701,-89.8703
NQI,Kingsville Naval Air Station,27.5072002411,-97.8097000122
NQX,Naval Air Station Key West/Boca Chica Field,24.57579994,-81.68890381
NRB,Naval Station Mayport (Admiral David L. Mcdonald Field),30.39109993,-81.42469788
NSE,Whiting Field Naval Air Station - North,30.7241993,-87.02189636
NTD,Point Mugu Naval Air Station (Naval Base Ventura Co),34.120300293,-119.121002197
NTU,Oceana Naval Air Station,36.820702,-76.033501
NUI,Nuiqsut Airport,70.2099990845,-151.005996704
NUL,Nulato Airport,64.729301,-158.074005
NUQ,Moffett Federal Airfield,37.4161,-122.049004
NUW,Whidbey Island Naval Air Station (Ault Field),48.351799,-122.655998
NXX,Willow Grove Naval Air Station/Joint Reserve Base,40.19979858,-75.14820099
NZJ,El Toro Marine Corps Air Station,33.67610168457031,-117.7310028076172
NZY,North Island Naval Air Station-Halsey Field,32.69919968,-117.2149963
OAJ,Albert J Ellis Airport,34.8292007446,-77.61209869380001
OAK,Metropolitan Oakland International Airport,37.721298,-122.221001
OAR,Marina Municipal Airport,36.68190002,-121.762001
OBE,Okeechobee County Airport,27.2628002167,-80.8498001099
OBU,Kobuk Airport,66.9123001099,-156.897003174
OCA,Ocean Reef Club Airport,25.325399398804,-80.274803161621
OCF,Ocala International Airport - Jim Taylor Field,29.17259979,-82.22419739
OCW,Warren Field,35.570499420166,-77.049797058105
OEL,Oryol Yuzhny Airport,52.9347000122,36.0022010803
OFF,Offutt Air Force Base,41.118301391602,-95.912498474121
OFK,Karl Stefan Memorial Airport,41.985500335693,-97.435096740723
OGB,Orangeburg Municipal Airport,33.456798553467,-80.859497070312
OGD,Ogden Hinckley Airport,41.195899963379,-112.0120010376
OGG,Kahului Airport,20.8986,-156.429993
OGS,Ogdensburg International Airport,44.6819000244,-75.46549987790002
OJC,Johnson County Executive Airport,38.84759903,-94.73760223
OKC,Will Rogers World Airport,35.39310073852539,-97.60070037841795
OKK,Kokomo Municipal Airport,40.528198242188,-86.05899810791
OKM,Okmulgee Regional Airport,35.668098449707,-95.948699951172
OLF,L M Clayton Airport,48.0945014954,-105.574996948
OLM,Olympia Regional Airport,46.9693985,-122.9029999
OLS,Nogales International Airport,31.4177,-110.848
OLV,Olive Branch Airport,34.9786987305,-89.78690338130001
OMA,Eppley Airfield,41.3032,-95.894096
OME,Nome Airport,64.51219940185547,-165.44500732421875
ONO,Ontario Municipal Airport,44.020500183105,-117.01399993896
ONP,Newport Municipal Airport,44.580399,-124.057999
ONT,Ontario International Airport,34.055999755859375,-117.60099792480467
OOK,Toksook Bay Airport,60.54140091,-165.0870056
OPF,Opa-locka Executive Airport,25.907,-80.278397
ORD,Chicago O'Hare International Airport,41.9786,-87.9048
ORF,Norfolk International Airport,36.89459991455078,-76.20120239257811
ORH,Worcester Regional Airport,42.26729965209961,-71.87570190429688
ORL,Orlando Executive Airport,28.5455,-81.332901
ORT,Northway Airport,62.9612999,-141.9290009
ORV,Robert (Bob) Curtis Memorial Airport,66.81790161,-161.0189972
OSC,Oscoda Wurtsmith Airport,44.451599,-83.394096
OSH,Wittman Regional Airport,43.98440170288086,-88.55699920654297
OSU,The Ohio State University Airport - Don Scott Field,40.0798,-83.072998
OTH,Southwest Oregon Regional Airport,43.41709899902344,-124.24600219726564
OTK,Tillamook Airport,45.4182014465,-123.814002991
OTM,Ottumwa Regional Airport,41.10660172,-92.44789886
OTZ,Ralph Wien Memorial Airport,66.88469696,-162.598999
OWB,Owensboro Daviess County Airport,37.74010086,-87.16680145
OWD,Norwood Memorial Airport,42.1904983521,-71.1728973389
OXC,Waterbury Oxford Airport,41.47859954834,-73.135200500488
OXR,Oxnard Airport,34.200801849365,-119.20700073242
OZA,Ozona Municipal Airport,30.735300064087,-101.20300292969
OZR,Cairns AAF (Fort Rucker) Air Field,31.27569962,-85.71340179
PAE,Snohomish County (Paine Field) Airport,47.90629959,-122.2819977
PAH,Barkley Regional Airport,37.06079864501953,-88.7738037109375
PAM,Tyndall Air Force Base,30.0695991516,-85.57540130619999
PAO,Palo Alto Airport of Santa Clara County,37.461101532,-122.114997864
PAQ,"Warren """"Bud"""" Woods Palmer Municipal Airport",61.594898,-149.08901
PBF,"Pine Bluff Regional Airport, Grider Field",34.1731,-91.9356
PBG,Plattsburgh International Airport,44.6509017944336,-73.46810150146484
PBI,Palm Beach International Airport,26.68320083618164,-80.09559631347656
PCD,Prairie Du Chien Municipal Airport,43.019298553467,-91.12370300293
PDK,DeKalb Peachtree Airport,33.8755989075,-84.3020019531
PDT,Eastern Oregon Regional At Pendleton Airport,45.695098877,-118.841003418
PDX,Portland International Airport,45.58869934,-122.5979996
PEQ,Pecos Municipal Airport,31.382400512695,-103.51100158691
PFN,Panama City-Bay Co International Airport,30.212099,-85.6828
PGA,Page Municipal Airport,36.92610168,-111.447998
PGD,Charlotte County Airport,26.92020035,-81.9905014
PGV,Pitt Greenville Airport,35.6352005,-77.38529968
PHD,Harry Clever Field,40.470901489258,-81.419700622559
PHF,Newport News Williamsburg International Airport,37.13190079,-76.49299622
PHK,Palm Beach County Glades Airport,26.78499985,-80.69339752
PHL,Philadelphia International Airport,39.87189865112305,-75.24109649658203
PHN,St Clair County International Airport,42.9109993,-82.52890015
PHX,Phoenix Sky Harbor International Airport,33.43429946899414,-112.01200103759766
PIA,General Wayne A. Downing Peoria International Airport,40.664199829100006,-89.6932983398
PIB,Hattiesburg Laurel Regional Airport,31.467100143432617,-89.33709716796875
PIE,St Petersburg Clearwater International Airport,27.91020012,-82.68740082
PIH,Pocatello Regional Airport,42.9098014831543,-112.59600067138672
PIM,Harris County Airport,32.8406982422,-84.8824005127
PIP,Pilot Point Airport,57.5803985596,-157.572006226
PIR,Pierre Regional Airport,44.38270187,-100.2860031
PIT,Pittsburgh International Airport,40.49150085,-80.23290253
PIZ,Point Lay LRRS Airport,69.73290253,-163.0050049
PKA,Napaskiak Airport,60.70289993,-161.7779999
PKB,Mid Ohio Valley Regional Airport,39.34510040283203,-81.43920135498047
PLN,Pellston Regional Airport of Emmet County Airport,45.57089996,-84.79669952
PMB,Pembina Municipal Airport,48.9425010681,-97.2407989502
PMD,Palmdale Regional/USAF Plant 42 Airport,34.62939835,-118.0849991
PMH,Greater Portsmouth Regional Airport,38.8404998779,-82.84729766850002
PML,Port Moller Airport,56.0060005188,-160.561004639
PNC,Ponca City Regional Airport,36.73199844,-97.09980011
PNE,Northeast Philadelphia Airport,40.081902,-75.010597
PNS,Pensacola Regional Airport,30.473400115967,-87.186599731445
POB,Pope Field,35.1708984375,-79.014503479004
POC,Brackett Field,34.091598510742,-117.78199768066
POE,Polk Army Air Field,31.0447998,-93.1917038
POF,Poplar Bluff Municipal Airport,36.773899078369,-90.324897766113
POU,Dutchess County Airport,41.6265983581543,-73.88420104980469
PPA,Perry Lefors Field,35.612998962402,-100.99600219727
PPC,Prospect Creek Airport,66.814102172852,-150.64399719238
PPF,Tri-City Airport,37.32989883,-95.5062027
PPM,Pompano Beach Airpark,26.247100830078,-80.111099243164
PQI,Northern Maine Regional Airport at Presque Isle,46.68899918,-68.0447998
PRB,Paso Robles Municipal Airport,35.67290115,-120.6269989
PRC,Ernest A. Love Field,34.65449905,-112.4199982
PRX,Cox Field,33.636600494385,-95.450798034668
PRZ,Prineville Airport,44.286998748779,-120.90399932861
PSC,Tri Cities Airport,46.26470184326172,-119.11900329589844
PSG,Petersburg James A Johnson Airport,56.80170059,-132.9450073
PSM,Portsmouth International at Pease Airport,43.0778999329,-70.8233032227
PSP,Palm Springs International Airport,33.8297004699707,-116.50700378417967
PSX,Palacios Municipal Airport,28.727500915527,-96.250999450684
PTA,Port Alsworth Airport,60.201681,-154.325863
PTB,Dinwiddie County Airport,37.183799743652,-77.507400512695
PTH,Port Heiden Airport,56.95909881591797,-158.63299560546875
PTK,Oakland County International Airport,42.665500640869,-83.420097351074
PTT,Pratt Regional Airport,37.70159912,-98.74690247
PTU,Platinum Airport,59.01139831542969,-161.82000732421875
PUB,Pueblo Memorial Airport,38.289100646972656,-104.49700164794922
PUC,Carbon County Regional/Buck Davis Field,39.61389923,-110.7509995
PUW,Pullman Moscow Regional Airport,46.7439,-117.110001
PVC,Provincetown Municipal Airport,42.0718994141,-70.2213973999
PVD,Theodore Francis Green State Airport,41.732601,-71.420403
PVL,Pike County-Hatcher Field,37.5617981,-82.56639862
PVU,Provo Municipal Airport,40.219200134277,-111.72299957275
PWA,Wiley Post Airport,35.53419876,-97.64710236
PWK,Chicago Executive Airport,42.114222,-87.901494
PWM,Portland International Jetport Airport,43.64619827,-70.30930328
PWT,Bremerton National Airport,47.490200042725,-122.76499938965
PWY,Ralph Wenz Field,42.79550171,-109.8069992
PYM,Plymouth Municipal Airport,41.909,-70.728798
RAC,John H Batten Airport,42.7606010437,-87.8152008057
RAL,Riverside Municipal Airport,33.95190048,-117.4449997
RAP,Rapid City Regional Airport,44.0452995300293,-103.05699920654295
RBD,Dallas Executive Airport,32.6809005737,-96.8682022095
RBK,French Valley Airport,33.5741996765,-117.127998352
RBL,Red Bluff Municipal Airport,40.1506996155,-122.251998901
RBY,Ruby Airport,64.72720337,-155.4700012
RCA,Ellsworth Air Force Base,44.14500046,-103.1039963
RDB,Red Dog Airport,68.03209686279999,-162.899002075
RDD,Redding Municipal Airport,40.50899887,-122.2929993
RDG,Reading Regional Carl A Spaatz Field,40.37850189208984,-75.96520233154297
RDM,Roberts Field,44.2541008,-121.1500015
RDR,Grand Forks Air Force Base,47.961101532,-97.4011993408
RDU,Raleigh Durham International Airport,35.87760162353516,-78.7874984741211
RFD,Chicago Rockford International Airport,42.19540023803711,-89.09719848632812
RHI,Rhinelander Oneida County Airport,45.63119888305664,-89.46749877929686
RHV,Reid-Hillview Airport of Santa Clara County,37.332901001,-121.819000244
RIC,Richmond International Airport,37.50519943237305,-77.3197021484375
RIL,Garfield County Regional Airport,39.526299,-107.726997
RIV,March ARB Airport,33.880699,-117.259003
RIW,Riverton Regional Airport,43.064201355,-108.459999084
RKD,Knox County Regional Airport,44.06010056,-69.09919739
RKH,Rock Hill - York County Airport,34.9878006,-81.05719757
RKP,Aransas County Airport,28.0867996216,-97.0446014404
RKS,Southwest Wyoming Regional Airport,41.5942,-109.065001
RME,Griffiss International Airport,43.23379898,-75.40699768
RMG,Richard B Russell Airport,34.3506011963,-85.15799713130001
RMY,Mariposa Yosemite Airport,37.5108985901,-120.040000916
RND,Randolph Air Force Base,29.52969933,-98.27890015
RNO,Reno Tahoe International Airport,39.49909973144531,-119.76799774169922
RNT,Renton Municipal Airport,47.4930992126,-122.216003418
RNZ,Jasper County Airport,40.9478988647,-87.1826019287
ROA,Roanoke–Blacksburg Regional Airport,37.3255,-79.975403
ROC,Greater Rochester International Airport,43.118900299072266,-77.67240142822266
ROW,Roswell International Air Center Airport,33.30160140991211,-104.53099822998048
RSH,Russian Mission Airport,61.7788848877,-161.319458008
RSL,Russell Municipal Airport,38.872100830078,-98.811798095703
RST,Rochester International Airport,43.90829849243164,-92.5
RSW,Southwest Florida International Airport,26.53619956970215,-81.75520324707031
RTN,Raton Municipal-Crews Field,36.74150085,-104.5019989
RUI,Sierra Blanca Regional Airport,33.462799072266,-105.53500366211
RUT,Rutland - Southern Vermont Regional Airport,43.52939987,-72.94960022
RVS,Richard Lloyd Jones Jr Airport,36.039600372314,-95.984596252441
RWF,Redwood Falls Municipal Airport,44.54719925,-95.08229828
RWI,Rocky Mount Wilson Regional Airport,35.856300354003906,-77.89189910888672
RWL,Rawlins Municipal Airport/Harvey Field,41.80559921,-107.1999969
SAA,Shively Field,41.444901,-106.823997
SAC,Sacramento Executive Airport,38.5125007629,-121.492996216
SAD,Safford Regional Airport,32.85480118,-109.6350021
SAF,Santa Fe Municipal Airport,35.617099762,-106.088996887
SAN,San Diego International Airport,32.7336006165,-117.190002441
SAT,San Antonio International Airport,29.533700942993164,-98.46980285644533
SAV,Savannah Hilton Head International Airport,32.12760162,-81.20210266
SBA,Santa Barbara Municipal Airport,34.42620087,-119.8399963
SBD,San Bernardino International Airport,34.0954017639,-117.23500061
SBM,Sheboygan County Memorial Airport,43.76959991,-87.85140228
SBN,South Bend Regional Airport,41.70869827270508,-86.31729888916016
SBP,San Luis County Regional Airport,35.2368011475,-120.641998291
SBS,Steamboat Springs Bob Adams Field,40.5163002,-106.8659973
SBY,Salisbury Ocean City Wicomico Regional Airport,38.34049987792969,-75.51029968261719
SCC,Deadhorse Airport,70.19470215,-148.4649963
SCE,University Park Airport,40.8493003845,-77.84870147710001
SCF,Scottsdale Airport,33.622898101807,-111.91100311279
SCH,Schenectady County Airport,42.852500915527,-73.928901672363
SCK,Stockton Metropolitan Airport,37.894199371338,-121.2379989624
SCM,Scammon Bay Airport,61.845298767100005,-165.570999146
SDF,Louisville International Standiford Field,38.1744,-85.736
SDM,Brown Field Municipal Airport,32.572299957275,-116.98000335693
SDP,Sand Point Airport,55.31499862670898,-160.5229949951172
SDX,Sedona Airport,34.848598480225,-111.78800201416
SDY,Sidney - Richland Regional Airport,47.706902,-104.193001
SEA,Seattle Tacoma International Airport,47.449001,-122.308998
SEE,Gillespie Field,32.826198577881,-116.97200012207
SEF,Sebring Regional Airport,27.45639992,-81.3423996
SEM,Craig Field,32.343898773193,-86.987800598145
SEP,Stephenville Clark Regional Airport,32.215301513672,-98.177696228027
SFB,Orlando Sanford International Airport,28.7775993347168,-81.23750305175781
SFF,Felts Field,47.682800292969,-117.32299804688
SFO,San Francisco International Airport,37.61899948120117,-122.375
SFZ,North Central State Airport,41.9207992554,-71.49140167239999
SGF,Springfield Branson National Airport,37.24570084,-93.38860321
SGH,Springfield-Beckley Municipal Airport,39.840301513672,-83.840202331543
SGR,Sugar Land Regional Airport,29.622299194336,-95.65650177002
SGU,St George Municipal Airport,37.036389,-113.510306
SGY,Skagway Airport,59.46009826660156,-135.3159942626953
SHD,Shenandoah Valley Regional Airport,38.2638015747,-78.8964004517
SHG,Shungnak Airport,66.88809967041,-157.16200256348
SHH,Shishmaref Airport,66.249604,-166.089112
SHN,Sanderson Field,47.233600616455,-123.14800262451
SHR,Sheridan County Airport,44.76919937133789,-106.9800033569336
SHV,Shreveport Regional Airport,32.446602,-93.8256
SHX,Shageluk Airport,62.6922988892,-159.569000244
SIK,Sikeston Memorial Municipal Airport,36.898899078369,-89.561798095703
SIT,Sitka Rocky Gutierrez Airport,57.04710006713867,-135.36199951171875
SJC,Norman Y. Mineta San Jose International Airport,37.362598,-121.929001
SJT,San Angelo Regional Mathis Field,31.35770034790039,-100.49600219726564
SKA,Fairchild Air Force Base,47.6151008606,-117.65599823
SKF,Lackland Air Force Base,29.38419914,-98.58110046
SKK,Shaktoolik Airport,64.37110138,-161.223999
SKY,Griffing Sandusky Airport,41.4333992004,-82.6522979736
SLC,Salt Lake City International Airport,40.78839874267578,-111.97799682617188
SLE,Salem Municipal Airport/McNary Field,44.90950012,-123.0029984
SLK,Adirondack Regional Airport,44.38529968261719,-74.2061996459961
SLN,Salina Municipal Airport,38.79100036621094,-97.6521987915039
SLQ,Sleetmute Airport,61.7005004883,-157.166000366
SMD,Smith Field,41.14339828,-85.15280151
SME,Lake Cumberland Regional Airport,37.0533981323,-84.6158981323
SMF,Sacramento International Airport,38.69540023803711,-121.59100341796876
SMK,St Michael Airport,63.49010086,-162.1100006
SMN,Lemhi County Airport,45.1237983704,-113.880996704
SMO,Santa Monica Municipal Airport,34.015800476100004,-118.450996399
SMX,Santa Maria Pub/Capt G Allan Hancock Field,34.89889908,-120.4570007
SNA,John Wayne Airport-Orange County Airport,33.67570114,-117.8679962
SNP,St Paul Island Airport,57.16730117797851,-170.22000122070312
SNS,Salinas Municipal Airport,36.662799835205,-121.60600280762
SNY,Sidney Municipal-Lloyd W Carr Field,41.10129929,-102.9850006
SOP,Moore County Airport,35.23740005,-79.3911972
SOV,Seldovia Airport,59.442401885986,-151.70399475098
SOW,Show Low Regional Airport,34.265499115,-110.005996704
SPA,Spartanburg Downtown Memorial Airport,34.915699005127,-81.956497192383
SPF,Black Hills Airport-Clyde Ice Field,44.48030090332,-103.78299713135
SPG,Albert Whitted Airport,27.7651,-82.626999
SPI,Abraham Lincoln Capital Airport,39.84410095,-89.67790222
SPS,Sheppard Air Force Base-Wichita Falls Municipal Airport,33.9888,-98.491898
SPW,Spencer Municipal Airport,43.165500640869,-95.202796936035
SQA,Santa Ynez Airport,34.60680008,-120.0759964
SQL,San Carlos Airport,37.511901855469,-122.25
SRQ,Sarasota Bradenton International Airport,27.39539909362793,-82.55439758300781
SSC,Shaw Air Force Base,33.97269821,-80.47059631
SSF,Stinson Municipal Airport,29.336999893188,-98.471099853516
SSI,Malcolm McKinnon Airport,31.15180016,-81.39129639
STC,St Cloud Regional Airport,45.54660034179688,-94.05989837646484
STE,Stevens Point Municipal Airport,44.5452003479,-89.530296325684
STG,St George Airport,56.5783004761,-169.662002563
STJ,Rosecrans Memorial Airport,39.771900177002,-94.909698486328
STK,Sterling Municipal Airport,40.61529922,-103.2649994
STL,St Louis Lambert International Airport,38.748697,-90.370003
STP,St Paul Downtown Holman Field,44.93450164794922,-93.05999755859376
STS,Charles M. Schulz Sonoma County Airport,38.50899887,-122.8130035
SUA,Witham Field,27.18169975,-80.22109985
SUN,Friedman Memorial Airport,43.50439835,-114.2959976
SUS,Spirit of St Louis Airport,38.662101745605,-90.652000427246
SUU,Travis Air Force Base,38.262699127197,-121.92700195312
SUX,Sioux Gateway Col. Bud Day Field,42.40259933,-96.38439941
SVA,Savoonga Airport,63.6864013671875,-170.4929962158203
SVH,Statesville Regional Airport,35.765300750732,-80.953903198242
SVN,Hunter Army Air Field,32.00999832,-81.14569855
SVW,Sparrevohn LRRS Airport,61.09740067,-155.5740051
SWD,Seward Airport,60.12689971923828,-149.41900634765625
SWF,Stewart International Airport,41.50410079956055,-74.10479736328125
SWO,Stillwater Regional Airport,36.161201477051,-97.08570098877
SXQ,Soldotna Airport,60.47570037841797,-151.03399658203125
SYA,Eareckson Air Station,52.71229935,174.1139984
SYR,Syracuse Hancock International Airport,43.11119842529297,-76.1063003540039
SZL,Whiteman Air Force Base,38.73030090332,-93.547897338867
TBN,Waynesville-St. Robert Regional Forney field,37.74160004,-92.14070129
TBR,Statesboro Bulloch County Airport,32.4827003479,-81.73690032959999
TCC,Tucumcari Municipal Airport,35.182800293,-103.602996826
TCL,Tuscaloosa Regional Airport,33.220600128174,-87.611396789551
TCM,McChord Air Force Base,47.1376991272,-122.475997925
TCS,Truth Or Consequences Municipal Airport,33.2369003296,-107.272003174
TEB,Teterboro Airport,40.85010147089999,-74.060798645
TEX,Telluride Regional Airport,37.9538002,-107.9079971
TIK,Tinker Air Force Base,35.414699554443,-97.386596679688
TIW,Tacoma Narrows Airport,47.26789856,-122.5780029
TIX,Space Coast Regional Airport,28.514799118042,-80.799201965332
TKA,Talkeetna Airport,62.320499420166,-150.09399414062
TKF,Truckee Tahoe Airport,39.3199996948,-120.13999939
TKJ,Tok Junction Airport,63.32949829,-142.9539948
TLA,Teller Airport,65.2404022217,-166.339004517
TLH,Tallahassee Regional Airport,30.396499633789062,-84.35030364990234
TLJ,Tatalina LRRS Airport,62.8944015503,-155.977005005
TMA,Henry Tift Myers Airport,31.4290008545,-83.4885025024
TMB,Kendall-Tamiami Executive Airport,25.6478996277,-80.432800293
TNC,Tin City Long Range Radar Station Airport,65.56310272,-167.9219971
TNT,Dade Collier Training and Transition Airport,25.861799240112,-80.897003173828
TOA,Zamperini Field,33.803398132324,-118.33999633789
TOC,Toccoa Airport - R.G. Letourneau Field,34.59379959,-83.29579926
TOG,Togiak Airport,59.05279922485352,-160.39700317382812
TOI,Troy Municipal Airport at N Kenneth Campbell Field,31.860399,-86.012101
TOL,Toledo Express Airport,41.58679962,-83.80780029
TOP,Philip Billard Municipal Airport,39.068698883057,-95.622497558594
TPA,Tampa International Airport,27.975500106811523,-82.533203125
TPF,Peter O Knight Airport,27.915599822998,-82.44930267334
TPH,Tonopah Airport,38.06019974,-117.086998
TPL,Draughon Miller Central Texas Regional Airport,31.15250015258789,-97.40779876708984
TRI,Tri-Cities Regional TN/VA Airport,36.475201,-82.407401
TRM,Jacqueline Cochran Regional Airport,33.62670135498,-116.16000366211
TSM,Taos Regional Airport,36.45819855,-105.6719971
TTD,Portland Troutdale Airport,45.54940032959,-122.40100097656
TTN,Trenton Mercer Airport,40.27669906616211,-74.8134994506836
TUL,Tulsa International Airport,36.19839859008789,-95.88809967041016
TUP,Tupelo Regional Airport,34.26810073852539,-88.7698974609375
TUS,Tucson International Airport,32.1161003112793,-110.94100189208984
TVC,Cherry Capital Airport,44.74140167236328,-85.58219909667969
TVF,Thief River Falls Regional Airport,48.06570053,-96.18499756
TVI,Thomasville Regional Airport,30.901599884033,-83.881301879883
TVL,Lake Tahoe Airport,38.89390182495117,-119.99500274658205
TWF,Joslin Field Magic Valley Regional Airport,42.4818,-114.487999
TXK,Texarkana Regional Webb Field,33.45370101928711,-93.99099731445312
TYR,Tyler Pounds Regional Airport,32.35409927368164,-95.40239715576172
TYS,McGhee Tyson Airport,35.81100082,-83.9940033
TZR,Taszár Air Base,46.39310073852539,17.917499542236328
UDD,Bermuda Dunes Airport,33.748401641846,-116.27500152588
UGN,Waukegan National Airport,42.422199249268,-87.867897033691
UIN,Quincy Regional Baldwin Field,39.94269943,-91.19460297
UKI,Ukiah Municipal Airport,39.125999450684,-123.20099639893
UKT,Quakertown Airport,40.435199737549,-75.381896972656
UNK,Unalakleet Airport,63.88840103,-160.798996
UOS,Franklin County Airport,35.205101013184,-85.898101806641
UOX,University Oxford Airport,34.384300231934,-89.536796569824
UPP,Upolu Airport,20.265300750732425,-155.86000061035156
USA,Concord-Padgett Regional Airport,35.387798,-80.709099
UST,Northeast Florida Regional Airport,29.9592,-81.339798
UTM,Tunica Municipal Airport,34.680999755859,-90.346702575684
UTO,Indian Mountain LRRS Airport,65.99279785,-153.7039948
UUK,Ugnu-Kuparuk Airport,70.33080291750001,-149.598007202
UVA,Garner Field,29.2112998962,-99.743598938
VAD,Moody Air Force Base,30.9678001404,-83.1930007935
VAK,Chevak Airport,61.5409,-165.6005
VBG,Vandenberg Air Force Base,34.7373008728,-120.583999634
VCT,Victoria Regional Airport,28.85260009765625,-96.9185028076172
VCV,Southern California Logistics Airport,34.597499847399995,-117.383003235
VDI,Vidalia Regional Airport,32.192699432373,-82.371200561523
VDZ,Valdez Pioneer Field,61.13389969,-146.2480011
VEE,Venetie Airport,67.0086975098,-146.365997314
VEL,Vernal Regional Airport,40.4408989,-109.5100021
VGT,North Las Vegas Airport,36.21070098877,-115.19400024414
VIS,Visalia Municipal Airport,36.3186988831,-119.392997742
VLD,Valdosta Regional Airport,30.78249931335449,-83.27670288085938
VNC,Venice Municipal Airport,27.071599960327,-82.440299987793
VNY,Van Nuys Airport,34.209800720215,-118.48999786377
VOK,Volk Field,43.938999176025,-90.253402709961
VPS,Destin-Ft Walton Beach Airport,30.4832,-86.525398
VPZ,Porter County Municipal Airport,41.45399857,-87.00710297
VQQ,Cecil Airport,30.2187004089,-81.876701355
VRB,Vero Beach Regional Airport,27.6556,-80.417901
VTN,Miller Field,42.85779953,-100.5479965
VYS,Illinois Valley Regional Airport-Walter A Duncan Field,41.351898,-89.153099
WAA,Wales Airport,65.622593,-168.095
WAL,Wallops Flight Facility Airport,37.9402008057,-75.4664001465
WBQ,Beaver Airport,66.362197876,-147.406997681
WBU,Boulder Municipal Airport,40.0393981934,-105.225997925
WBW,Wilkes Barre Wyoming Valley Airport,41.2971992493,-75.8511962891
WDR,Barrow County Airport,33.98289871,-83.66739655
WFK,Northern Aroostook Regional Airport,47.2854995728,-68.31279754639999
WHP,Whiteman Airport,34.2593002319,-118.413002014
WJF,General WM J Fox Airfield,34.74110031,-118.2190018
WKK,Aleknagik / New Airport,59.2826004028,-158.617996216
WKL,Waikoloa Heliport,19.9205,-155.8607
WLD,Strother Field,37.168598175,-97.0375976562
WLK,Selawik Airport,66.60009766,-159.9859924
WMC,Winnemucca Municipal Airport,40.8965988159,-117.805999756
WMH,Ozark Regional Airport,36.3689002991,-92.4704971313
WMO,White Mountain Airport,64.689201355,-163.412994385
WNA,Napakiak Airport,60.69029998779297,-161.97900390625
WRB,Robins Air Force Base,32.6400985718,-83.5919036865
WRG,Wrangell Airport,56.48429871,-132.3699951
WRI,Mc Guire Air Force Base,40.0155983,-74.59169769
WRL,Worland Municipal Airport,43.9656982421875,-107.95099639892578
WSD,Condron Army Air Field,32.34149933,-106.4029999
WSN,South Naknek Nr 2 Airport,58.7033996582,-157.007995605
WST,Westerly State Airport,41.3496017456,-71.8033981323
WTK,Noatak Airport,67.56610107421875,-162.97500610351565
WVI,Watsonville Municipal Airport,36.9356994629,-121.790000916
WWA,Wasilla Airport,61.5717010498,-149.539993286
WWD,Cape May County Airport,39.0084991455,-74.9083023071
WWR,West Woodward Airport,36.438,-99.5226667
WYS,Yellowstone Airport,44.68840027,-111.1179962
XNA,Northwest Arkansas Regional Airport,36.281898,-94.306801
XSD,Tonopah Test Range Airport,37.7988014221,-116.78099823
YAK,Yakutat Airport,59.5032997131,-139.660003662
YIP,Willow Run Airport,42.23789978,-83.53040314
YKM,Yakima Air Terminal McAllister Field,46.56819916,-120.5439987
YKN,Chan Gurney Municipal Airport,42.916698455811,-97.385902404785
YNG,Youngstown Warren Regional Airport,41.26070023,-80.67910004
YUM,Yuma MCAS/Yuma International Airport,32.65660095,-114.6060028
ZPH,Zephyrhills Municipal Airport,28.2282009125,-82.15589904790001
ZZV,Zanesville Municipal Airport,39.9444007874,-81.89209747310001
